0.0,-0.00244140625
0.06666666666666667,-0.16796875
0.13333333333333333,-0.55029296875
0.2,-0.9013671875
0.26666666666666666,-0.984375
0.3333333333333333,-0.75146484375
0.4,-0.3330078125
0.4666666666666666,-0.055908203125
0.5333333333333333,-0.054931640625
0.6,-0.3515625
0.6666666666666666,-0.734619140625
0.7333333333333333,-0.98486328125
0.8,-0.8994140625
0.8666666666666666,-0.546142578125
0.9333333333333332,-0.158935546875
1.0,0.010986328125
1.0666666666666667,-0.172607421875
1.1333333333333333,-0.559814453125
1.2,-0.889404296875
1.2666666666666666,-0.97998046875
1.3333333333333333,-0.744384765625
1.4,-0.332763671875
1.4666666666666666,-0.0322265625
1.5333333333333332,-0.037109375
1.6,-0.341552734375
1.6666666666666665,-0.739501953125
1.7333333333333332,-0.978759765625
1.8,-0.89453125
1.8666666666666665,-0.562255859375
1.9333333333333333,-0.169921875
2.0,-0.02685546875