0.0,-9.769962616701378e-15
0.25210084033613445,0.1860405375572709
0.5042016806722689,0.49253566078787214
0.7563025210084033,0.7973632625010794
1.0084033613445378,1.0454751933557351
1.2605042016806722,1.2752385554591712
1.5126050420168067,1.4971720123146195
1.7647058823529411,1.7004017308362118
2.0168067226890756,1.9074394190961588
2.26890756302521,2.116212990785503
2.5210084033613445,2.3404513669256266
2.773109243697479,2.5486192468136712
3.0252100840336134,2.694790115047417
3.277310924369748,2.714718640077023
3.5294117647058822,2.601505664645847
3.7815126050420167,2.432893260971925
4.033613445378151,2.2362614290271514
4.285714285714286,2.0533838155147346
4.53781512605042,1.8738350892993079
4.7899159663865545,1.7109962762620818
5.042016806722689,1.5544036008547624
5.294117647058823,1.409796535489357
5.546218487394958,1.2932108050290891
5.798319327731092,1.2032937290441867
6.050420168067227,1.1565002239151645
6.302521008403361,1.1457206931188852
6.554621848739496,1.144847962230442
6.80672268907563,1.1497361510079318
7.0588235294117645,1.167134202755845
7.310924369747899,1.1737149619092584
7.563025210084033,1.1878787011902647
7.815126050420168,1.2071480236156167
8.067226890756302,1.2360502903294286
8.319327731092436,1.2666373261952049
8.571428571428571,1.3222864199072544
8.823529411764707,1.4056726809676992
9.07563025210084,1.5017058869664153
9.327731092436974,1.6085277002270044
9.579831932773109,1.72490706639431
9.831932773109244,1.8374377941424367
10.084033613445378,1.9327582804217187
10.336134453781511,2.0028798582430856
10.588235294117647,2.0436696274669113
10.840336134453782,2.0524759531863688
11.092436974789916,2.023995857957157
11.34453781512605,1.9736190455377436
11.596638655462185,1.8979540967206792
11.84873949579832,1.7943343595193362
12.100840336134453,1.6921431751423732
12.352941176470587,1.5822186702032714
12.605042016806722,1.4589755114670186
12.857142857142858,1.339588320650189
13.109243697478991,1.2218873130397065
13.361344537815125,1.111647859869283
13.61344537815126,1.0210821990157386
13.865546218487395,0.9792142267314812
14.117647058823529,0.9944977523556757
14.369747899159663,1.0682831908937598
14.621848739495798,1.1670907262535375
14.873949579831933,1.299539149033186
15.126050420168067,1.4181836869517002
15.3781512605042,1.5280198033946037
15.630252100840336,1.6361188606253307
15.882352941176471,1.7214015156566629
16.134453781512605,1.8016636867849467
16.386554621848738,1.8772782853721903
16.63865546218487,1.9333326109122329
16.89075630252101,1.9770367982081274
17.142857142857142,2.002759428955068
17.394957983193276,2.00993345123511
17.647058823529413,2.0017247166145298
17.899159663865547,1.9820687360069766
18.15126050420168,1.9632489934781954
18.403361344537814,1.9466738897592013
18.655462184873947,1.9214323721491593
18.907563025210084,1.8873673767738386
19.159663865546218,1.8445541840452642
19.41176470588235,1.787372060301391
19.66386554621849,1.7099159558422596
19.915966386554622,1.6269925792712463
20.168067226890756,1.5253087352265526
20.42016806722689,1.415620112185458
20.672268907563023,1.2900407858950833
20.92436974789916,1.1714347221453225
21.176470588235293,1.086502653311136
21.428571428571427,1.0213173656258636
21.680672268907564,0.9979239985485204
21.932773109243698,1.001694082588839
22.18487394957983,1.0439750109324495
22.436974789915965,1.1111581088096116
22.6890756302521,1.2055734865530727
22.941176470588236,1.3307819163440444
23.19327731092437,1.460877888068464
23.445378151260503,1.5970526268899468
23.69747899159664,1.734942953100246
23.949579831932773,1.8722868860904538
24.201680672268907,2.005626814205808
24.45378151260504,2.129799529578708
24.705882352941174,2.2273219859835462
24.95798319327731,2.2939531803024282
25.210084033613445,2.3411728851256424
25.462184873949578,2.378912655401041
25.714285714285715,2.413313911300424
25.96638655462185,2.422799854005652
26.218487394957982,2.4215617206220177
26.470588235294116,2.3957723908513016
26.72268907563025,2.335623546786092
26.974789915966387,2.217593836806821
27.22689075630252,2.089924794683315
27.478991596638654,1.9565778660663422
27.73109243697479,1.8274009411428085
27.983193277310924,1.691345209898329
28.235294117647058,1.57050581538457
28.48739495798319,1.4555791489525935
28.739495798319325,1.345725127436935
28.991596638655462,1.2580291743327883
29.243697478991596,1.1816364144395164
29.49579831932773,1.1157718807227144
29.747899159663866,1.0879723855967836
30.0,1.086026856972964
