0,0.0064263771143497905,0.002629032333738346
1,0.0059132786380549085,0.002219081823453539
2,0.0043647322662905275,0.001992383207793491
3,0.0041000619739999244,0.0018527726504686814
4,0.0035653166602989117,0.0016028926035260849
5,0.0034632182625053964,0.001427210146642821
6,0.0026145299852693427,0.0014166314471304453
7,0.0026078050318991686,0.0012169489954874102
8,0.001971149592399968,0.0010087883088674143
9,0.0017331771063209267,0.0009099398399272651
10,0.001493842221029773,0.0007333004394127762
11,0.0015498678808083532,0.0006968402338278779
12,0.0012321801190444681,0.0006272489178464902
13,0.0010121255595541,0.0005167927031801689
14,0.001148963247682211,0.00045668174199731126
15,0.0010238681961867169,0.0003946829666756635
16,0.0009415441098201693,0.00032975119226286154
17,0.0007302067746253194,0.0002332606599502185
18,0.0006900837443397645,0.00025891130558042263
19,0.0005577913385674815,0.0002559117397482602
20,0.0004939931756169358,0.00018488266002547604
21,0.0003768154524386169,0.00023248752455984345
22,0.0003423291195707723,0.0001797631494695473
23,0.0003731906405364249,0.00020032796763969074
24,0.000391807675850675,0.00019418685242444944
25,0.00047986216461537445,0.0002271924718206808
26,0.0005244503604777684,0.0001724310893524983
27,0.0005655774399231372,0.0002049251824978171
28,0.0007245657824737073,0.00021268814690844629
29,0.0007509720343743531,0.00018921867677801352
30,0.000844162752811517,0.00024915360159138977
31,0.0008974313331955308,0.00024653833084320453
32,0.0009478943524838801,0.000280556304862678
33,0.001008320988260536,0.0002793849621851585
34,0.0010717632619230422,0.00037680712703136443
35,0.0010575231828489073,0.0003548975425864409
36,0.0011155821393902254,0.00040218165739691614
37,0.0011343644623968974,0.0004387800102105821
38,0.0011971119467797386,0.0004306836710414874
39,0.0012420175906242559,0.0004888080262726024
40,0.0012324312441167606,0.000532597808491575
41,0.0012815402956347643,0.0005829911340431426
42,0.0013131720994932206,0.000573888545664536
43,0.0013289741548405676,0.0006493220726044857
44,0.0013508244953281956,0.0006126550639036221
45,0.0013399414819050826,0.0006745753424481915
46,0.0013896914655027182,0.0007194332228865896
47,0.0014089438662281406,0.0007432729745939781
48,0.001414203225090338,0.0007503948151910134
49,0.001441040697354401,0.0007937134968079018
50,0.001420992509208796,0.0008177937888227405
51,0.0014538127344843055,0.0008466700435432184
52,0.0014211256725098487,0.000880394122618533
53,0.0014495860612577793,0.0008895819402030547
54,0.001451919956592107,0.0009155795589950166
55,0.0014441315916720043,0.0009719231203568768
56,0.0014385350635195415,0.0009516002203775464
57,0.001453987628889486,0.001007738009362491
58,0.0014037963145969723,0.0010196350797275766
59,0.001421710277955679,0.001054968135601797
60,0.0013714545221792385,0.0010267934177459193
61,0.001409351948481019,0.0010929793194736082
62,0.0013552056038406146,0.0010625144173950218
63,0.0014076465987431508,0.001104359495728735
64,0.00131879144013336,0.001092977068925416
65,0.0013467282588295326,0.0011358106350471964
66,0.0012603782793529916,0.001069057084010172
67,0.0012944585863088331,0.0011345255670043297
68,0.001232032728285759,0.0010810626231507747
69,0.0012158429241342361,0.0011353392588664413
70,0.0012039009524305033,0.0011295466412151178
71,0.0011075423085971092,0.0011889825235900098
72,0.001159944588570827,0.0011039081272552487
73,0.001060509654385866,0.001171270387985368
74,0.0010270103307365996,0.0010974524609561609
75,0.0009804159958903824,0.0011190620645036287
76,0.0009223558220923245,0.0011226572317402095
77,0.0009048773036093305,0.001087321425893073
78,0.0008333548605443664,0.0011013485615114504
79,0.0007860166217736886,0.0010351104985071302
80,0.0007334427210556882,0.0010900096120600722
81,0.0006733250532775514,0.0010202037645534734
82,0.0006077544353109143,0.000998532308406741
83,0.0005542737706276668,0.000971734826520132
84,0.0005052061886108294,0.0009035930460645769
85,0.00046921344897787876,0.000939085347184454
86,0.00043686478667481765,0.0008262316071210307
87,0.00038652826170570975,0.0008296347495315715
88,0.00035262431987947984,0.0007894799990071366
89,0.0002897186516290784,0.0007817995383307963
90,0.00029713965051314517,0.0006757461142330445
91,0.0002656642362190986,0.0006990158148045822
92,0.00024188625452636892,0.0006171058235733273
93,0.00022519175778623612,0.0005986768449461888
94,0.00022113191890826833,0.0006139798376225691
95,0.00019345548243632216,0.0005324587587998142
96,0.00024582126680905425,0.0005409819715915809
97,0.0002468545835212499,0.0004600126885780931
98,0.00026367473804822517,0.00043912331930573423
99,0.0002895305129260173,0.00042921641734205984
100,0.0003580843457138272,0.0003741295140708978
101,0.00038452081257722703,0.00042479803546280337
102,0.00045189034299464304,0.0003088150109480381
103,0.0006279282174819212,0.0003067845600308594
104,0.0007424172799115336,0.0002935519341287218
105,0.0009068422293996292,0.00028815230854495333
106,0.0010216685968180705,0.000245701903168305
107,0.0012104079233485887,0.00027299043153372615
108,0.00146656799437217,0.00021454199549042485
109,0.0016180230326205969,0.00019700810087974752
110,0.0018621911927403367,0.00027466361047978616
111,0.0022015184178068026,0.0002033339427907066
112,0.0025940563240030023,0.0003458111358101146
113,0.0029546349172595576,0.00027667984225199227
114,0.003188611549665543,0.00031567202121585147
115,0.003655719768179022,0.00031529940010122104
116,0.004211583383411099,0.0004081297183788912
117,0.004595753551271953,0.00042707189526991485
118,0.005279278542737131,0.0004711376341663964
119,0.005866946100591575,0.0005614070353994194
120,0.007106512207401883,0.0005906187897100068
121,0.0076318803670214486,0.0006713513558023187
122,0.00858351596221163,0.0007817465501347431
123,0.009501666905551875,0.0007958967149221952
124,0.010793933618207685,0.0009691352983658419
125,0.012032513933813105,0.00097915940408555
126,0.012736011652431323,0.0010590866657587128
127,0.015067591296704208,0.0012147283388399543
128,0.01634366877061444,0.0015412656919600032
129,0.018345583822511058,0.0015888939818293757
130,0.019673721766223062,0.00181168181747271
131,0.022163793931666786,0.0018418597623697242
132,0.024357173547580935,0.0022099929127177287
133,0.026068082420171557,0.0021973375869686063
134,0.02959205968919476,0.0024681545979770014
135,0.030805644773000074,0.0026089962723130355
136,0.03645704734020927,0.0031978267637353675
137,0.03678625525100521,0.0030873119021546103
138,0.04085796309770662,0.003577949665366953
139,0.04263879001191784,0.003723151171254102
140,0.04705413262946201,0.004335165013331421
141,0.04903378938976011,0.00450261936962959
142,0.05472252331334393,0.0050088495934883515
143,0.05611210032210234,0.005717477820931904
144,0.06152802849168748,0.006062822656923483
145,0.06187370070573062,0.006466999816411967
146,0.0677871311750462,0.007406341383849879
147,0.06777666638296376,0.0076524989800244025
148,0.06941511254941757,0.008778584549212542
149,0.0744186202566195,0.008442278130821324
150,0.07395118313329263,0.009936218731667168
151,0.08074528170943296,0.009708298742884258
152,0.07377391573147363,0.011436034921009197
153,0.08149179431046072,0.011179151350281469
154,0.07827036039846358,0.012371972797015962
155,0.08160724196759439,0.01293981224694507
156,0.07834049471497906,0.013746145138599175
157,0.07807305097584294,0.014846870541226131
158,0.08042479361030752,0.01496968668076315
159,0.07202487201192276,0.017227686442042867
160,0.07627050123037438,0.016631429051118696
161,0.07079425786259774,0.018501710182513342
162,0.06558024304905286,0.01844616479860406
163,0.0687793419475955,0.020117857494402758
164,0.05924291148537608,0.02089880948377676
165,0.056270735190358634,0.021679600362887186
166,0.056264998272448574,0.02356319450619715
167,0.050776997096346976,0.024610020032975077
168,0.05055074787877922,0.02553937885201618
169,0.04020744749891314,0.026543011546095174
170,0.03753383889722506,0.027111796090736107
171,0.03140705389736187,0.028393608027631245
172,0.025991973081117337,0.02881489724642572
173,0.023935156801542234,0.029496192543845945
174,0.0178099434062311,0.03075149771790353
175,0.015993336672195158,0.031111923647775264
176,0.010957020906988468,0.03273407394865391
177,0.00930555958116508,0.03297765396536989
178,0.007030717348744275,0.0331379610315965
179,0.004702970134537798,0.0341764922127219
180,0.0037780317152933396,0.034626134567795175
181,0.0025137184390437994,0.03623532443199795
182,0.0019104068451112344,0.03553192625391266
183,0.0017801352545796512,0.03806178817833317
184,0.001421537941248996,0.037692627158357306
185,0.001778739153566633,0.03869229284278708
186,0.0018729609879035714,0.039127366160260024
187,0.0019195302475427667,0.03951771715127217
188,0.001936412178671354,0.04028943256874484
189,0.0018522263999150024,0.03993677657854566
190,0.0016320626565620167,0.04191207034796718
191,0.0014531283221463909,0.04107133623089587
192,0.0017314132603771792,0.04377092848281361
193,0.0018311832632769143,0.04210515920912106
194,0.002859323846878148,0.04316512430694064
195,0.0039747191231020995,0.042534226381250706
196,0.005554958551320377,0.04282981224378579
197,0.007821639343884357,0.04268073671119921
198,0.010667694672873429,0.042731081549772565
199,0.013102014591286792,0.04306775258121176
200,0.017741140729356175,0.041939676089427946
201,0.020512855768175742,0.04259867332053968
202,0.026829969352996752,0.04040691690160836
203,0.029202695532603684,0.04112205727210316
204,0.035269723437352685,0.04011325731307025
205,0.04187484697954624,0.04002059440523631
206,0.046184079282402424,0.039452232239995055
207,0.05488882870235545,0.038689119300049146
208,0.053114496493909424,0.03828953397411072
209,0.059381831131572804,0.03665774897363505
210,0.06008340912430521,0.036621759045704305
211,0.06542478937854113,0.03565534619802979
212,0.07387163871100078,0.03455279709448811
213,0.07073554652722591,0.03404000343054925
214,0.07569700708954596,0.03295892160613545
215,0.07972110006064748,0.03277106066405988
216,0.08249768038891436,0.03154440922705559
217,0.08898071203646496,0.030914893656901477
218,0.08762054999148217,0.029156967766280406
219,0.08455967070570436,0.029217648971285648
220,0.09223974900562681,0.027326103718168238
221,0.08548661232765542,0.027334318241865718
222,0.09267352146495744,0.025361056830160322
223,0.08444065975208037,0.025654751990621616
224,0.09250911684873708,0.023367393791895008
225,0.08714899597586445,0.02330851476189011
226,0.08779410502301688,0.021453329943542654
227,0.08228027801580229,0.0210069679681244
228,0.0828113931197032,0.020038951330342725
229,0.08103418272947804,0.019122823904900832
230,0.07574394979025523,0.01813973062745111
231,0.07162755190399417,0.01738305408418972
232,0.06718787745421406,0.016751714231110215
233,0.06371865659768283,0.015324972890460975
234,0.05622199290178531,0.014891395141356956
235,0.05281002383216071,0.01384460797937237
236,0.04821329772778782,0.013066823899475333
237,0.0449491006768068,0.0122217199368988
238,0.040266662679308673,0.01156152203686922
239,0.03949762952877367,0.011268917831176006
240,0.03393496663233764,0.010020849477156979
241,0.03193970313548977,0.009608355504671096
242,0.02889707906988348,0.008559302693230242
243,0.027718115159668377,0.008118184336212586
244,0.023548581073587815,0.007652505790405328
245,0.021589104232966116,0.0068574565149397415
246,0.021000903127014636,0.006684600670249452
247,0.01829500701857656,0.006027938612509498
248,0.009693918002753987,0.005485714560412358
249,0.0028742975580000607,0.004769036955994732
250,0.0001479166250837327,0.004582810883270838
251,0.002377617621725392,0.004169358709831261
252,0.0031577474414452578,0.0038566438228713196
253,0.0009860841840481083,0.003455642219458488
254,0.0031329384662781568,0.0031358708124076262
255,0.006125658037089865,0.0027833442178677448